emp_id_hris,emp_id_ats,emp_id_payroll,full_name_hris,full_name_ats,date_of_birth,email_hris,email_ats,branch,region,job_title_hris,hire_date_hris,hire_date_ats,department,employment_status,declared_skills,lms_courses_completed,performance_history,years_in_role,is_near_duplicate,data_source
EMP-2001,candidate_4812,MN-328,Retno Hidayat,Retno Hidayat,1999-06-19,retno.hidayat@medikanusantara.co.id,retno55@gmail.com,Surabaya,Jawa Timur,Customer Service,2017-07-25,2017-07-25,Operations,Active,,,2024:4.0:Membutuhkan mentoring,7.4,False,SAP_SF
EMP-2002,candidate_6374,MN-384,Yanti Santoso,Yanti Santoso,1979-02-28,yanti.santoso@medikanusantara.co.id,yanti.santoso@medikanusantara.co.id,Medan,Sumatera Utara,Branch Manager,2017-09-28,2017-09-02,Operations,Active,,Manajemen Cabang|Leadership dan Motivasi,2024:2.8:Melebihi target Q3||2023:3.9:Perlu perbaikan kedisiplinan,7.3,False,SAP_SF
EMP-2003,candidate_4614,MN-987,Rina Suharto,Rina Suharto,1995-05-04,rina.suharto@medikanusantara.co.id,rina.suharto@medikanusantara.co.id,Semarang,Jawa Tengah,Driver,2017-02-17,2017-02-17,Logistics,Active,,Navigasi dan Rute,2024:4.2:||2023:4.1:Konsisten dalam pekerjaan,7.9,False,SAP_SF
EMP-2004,candidate_1325,MN-924,Arif Yusuf,Arif Yusuf,1977-12-20,arif.yusuf@medikanusantara.co.id,arif.yusuf@medikanusantara.co.id,Surabaya,Jawa Timur,Warehouse Supervisor,2019-07-16,2019-07-16,Logistics,Active,Warehouse Operations|Team Leadership|ERP System Operation,Leadership Dasar|Manajemen Gudang Modern|K3 Gudang,,5.5,False,SAP_SF
EMP-2005,candidate_3066,MN-621,Dimas Maulana,Dimas Maulana,1981-11-09,dimas.maulana@medikanusantara.co.id,dimas.maulana@medikanusantara.co.id,Balikpapan,Kalimantan Timur,Regional Sales Lead,2021-07-14,2021-07-06,HR,Active,Budget Planning|Team Leadership,Strategic Account Management|Sales Forecasting|Coaching & Mentoring,2024:4.7:||2023:4.3:Excellent performance||2022:4.4:Sangat kooperatif,3.5,False,SAP_SF
EMP-2006,candidate_9117,MN-208,Syahrul Kurniawan,Syahrul Kurniawa,1981-11-09,syahrul.kurniawan@medikanusantara.co.id,syahrul.kurniawan@medikanusantara.co.id,Manado,Sulawesi Utara,CS Staff,2023-01-05,2022-11-21,Sales,Inactive,,Komunikasi Pelanggan Efektif|Pengoperasian CRM|Penanganan Komplain,2024:2.8:Perlu pengembangan leadership||2023:3.1:,2.0,False,SAP_SF
EMP-2007,candidate_9807,MN-269,Fahrul Saputra,Fahrul Saputra,1993-12-24,fahrul.saputra@medikanusantara.co.id,fahrul.saputra@medikanusantara.co.id,Medan,Sumatera Utara,IT Support Specialist,2018-12-21,2018-12-21,IT,Active,Network Administration|Software Support|User Training,Keamanan Siber Dasar|Troubleshooting Hardware|Manajemen Tiket IT,,6.0,False,SAP_SF
EMP-2008,candidate_1764,MN-334,Asri Suharto,Asri Suharto,1989-10-27,asri.suharto@medikanusantara.co.id,asri31@gmail.com,Surabaya,Jawa Timur,Sales Executive,2016-10-03,2016-10-03,HR,Active,,Pengenalan CRM Salesforce|Negosiasi untuk Sales|Product Knowledge Medika,2024:3.7:Melebihi target Q3,8.3,False,SAP_SF
EMP-2009,candidate_6359,MN-919,Mawar Rahayu,Mawar Rahayu,1981-04-15,mawar.rahayu@medikanusantara.co.id,mawar.rahayu@medikanusantara.co.id,Makassar,Sulawesi Selatan,Sales 2,2017-03-23,2017-04-09,Operations,Active,,,2024:3.6:Excellent performance||2023:2.7:Excellent performance||2022:4.6:Konsisten dalam pekerjaan,7.8,False,SAP_SF
EMP-2010,candidate_7196,MN-371,Yuni Prasetyo,Yuni Prasetyo,1981-12-11,yuni.prasetyo@medikanusantara.co.id,yuni.prasetyo@medikanusantara.co.id,Palembang,Sumatera Selatan,Staf Penjualan,2021-02-06,2021-03-18,Sales,Active,,,2024:2.7:Memenuhi target penjualan||2023:4.0:Excellent performance,3.9,False,SAP_SF
EMP-2011,candidate_4653,MN-513,Eko Siahaan,Eko Siahaan,1986-01-16,eko.siahaan@medikanusantara.co.id,eko.siahaan@medikanusantara.co.id,Makassar,Sulawesi Selatan,Teknisi IT,2017-05-06,2017-05-06,Logistics,Active,,,2024:3.9:Perlu pengembangan leadership||2023:3.0:Konsisten dalam pekerjaan,7.7,False,SAP_SF
EMP-2012,candidate_2438,MN-175,Fauzi Hartono,Fauzi Hartona,1990-08-28,fauzi.hartono@medikanusantara.co.id,fauzi.hartono@medikanusantara.co.id,Surabaya,Jawa Timur,HR Generalist,2022-01-11,2021-12-21,Finance,Active,HRIS Operation|Employee Relations,Pengoperasian SAP SuccessFactors|Manajemen Kinerja|Rekrutmen Berbasis Kompetensi,2024:3.9:Melebihi target Q3||2023:4.8:,3.0,False,SAP_SF
EMP-2013,candidate_5125,MN-617,Imam Halim,Imam Halim,1993-12-31,imam.halim@medikanusantara.co.id,imam.halim@medikanusantara.co.id,Bandung,Jawa Barat,Branch Manager,2021-06-24,2021-06-16,IT,Active,,Leadership dan Motivasi,,3.5,False,SAP_SF
EMP-2014,candidate_6849,MN-696,Fitri Wibowo,Fitri Wibowo,1988-10-29,fitri.wibowo@medikanusantara.co.id,fitri.wibowo@medikanusantara.co.id,Manado,Sulawesi Utara,Sales Representative,2022-03-13,2022-02-28,Operations,Active,Negotiation,,2024:2.8:Target tercapai,2.8,False,SAP_SF
EMP-2015,candidate_6242,MN-901,Hadi Iskandar,Hadi Iskandar,1986-02-17,hadi.iskandar@medikanusantara.co.id,hadi.iskandar@medikanusantara.co.id,Surabaya,Jawa Timur,Sales Manager,2020-08-13,2020-08-13,Logistics,Inactive,Performance Management,Coaching & Mentoring|Leadership for Sales Managers,2024:3.7:Konsisten dalam pekerjaan||2023:3.1:Target tercapai||2022:3.3:Perlu pengembangan leadership,4.4,False,SAP_SF
EMP-2016,candidate_5079,MN-282,Fahrul Halim,Fahrul Halim,1986-11-28,fahrul.halim@medikanusantara.co.id,fahrul77@gmail.com,Surabaya,Jawa Timur,Sales Executive,2022-07-06,2022-07-06,Sales,Active,Negotiation|CRM Software|Territory Management,Product Knowledge Medika,2024:3.0:||2023:3.6:Excellent performance||2022:4.2:Membutuhkan mentoring,2.5,False,SAP_SF
EMP-2017,candidate_2841,MN-837,Deny Tambunan,Deny Tambunan,1993-04-27,deny.tambunan@medikanusantara.co.id,deny.tambunan@medikanusantara.co.id,Balikpapan,Kalimantan Timur,IT Technician,2019-05-15,2019-05-15,HR,Active,Network Administration|User Training|IT Documentation,Troubleshooting Hardware|Keamanan Siber Dasar,2024:3.5:Perlu pengembangan leadership||2023:3.2:Perlu perbaikan kedisiplinan,5.6,False,SAP_SF
EMP-2018,candidate_3580,MN-774,Lia Lubis,Lia Lubis,1979-03-11,lia.lubis@medikanusantara.co.id,lia.lubis@medikanusantara.co.id,Denpasar,Bali,Customer Service,2016-12-13,2017-01-27,Sales,Active,CRM Software|Issue Resolution|Customer Communication,,,8.1,False,SAP_SF
EMP-2019,candidate_7091,MN-606,Hafiz Ginting,Hafiz Ginting,1994-01-26,hafiz.ginting@medikanusantara.co.id,hafiz.ginting@medikanusantara.co.id,Bandung,Jawa Barat,Branch Manager,2020-06-24,2020-06-19,IT,Active,Stakeholder Management|Strategic Planning|Branch Operations,Manajemen Risiko Operasional,,4.5,False,SAP_SF
EMP-2020,candidate_9070,MN-536,Irwan Ridwan,Irwan Ridwan,1982-02-20,irwan.ridwan@medikanusantara.co.id,irwan.ridwan@medikanusantara.co.id,Pontianak,Kalimantan Barat,Driver,2022-02-22,2022-02-22,IT,Active,Route Navigation|Vehicle Maintenance,Perawatan Kendaraan Dasar|Navigasi dan Rute|Defensive Driving,2024:2.7:,2.9,False,SAP_SF
EMP-2021,candidate_4305,MN-165,Dian Suharto,Dian Suharto,1999-05-05,dian.suharto@medikanusantara.co.id,dian.suharto@medikanusantara.co.id,Palembang,Sumatera Selatan,Kepala Cabang,2020-08-26,2020-08-26,HR,Active,,Manajemen Cabang|Leadership dan Motivasi,2024:2.5:Target tercapai,4.4,False,SAP_SF
EMP-2022,candidate_8799,MN-324,Zulkifli Panjaitan,Zulkifli Panjaitan,1976-04-20,zulkifli.panjaitan@medikanusantara.co.id,zulkifli.panjaitan@medikanusantara.co.id,Pontianak,Kalimantan Barat,Driver,2019-01-22,2019-01-22,Operations,Active,Route Navigation|Delivery Documentation,Defensive Driving|K3 Pengemudi|Perawatan Kendaraan Dasar,,5.9,False,SAP_SF
EMP-2023,candidate_6329,MN-879,Dony Yusuf,Dony Yusuo,1978-09-03,dony.yusuf@medikanusantara.co.id,dony.yusuf@medikanusantara.co.id,Bandung,Jawa Barat,HR Generalist,2020-04-01,2020-05-02,Operations,Active,HRIS Operation,,,4.8,False,SAP_SF
EMP-2024,candidate_8558,MN-785,Agus Tambunan,Agus Tambunan,1984-10-11,agus.tambunan@medikanusantara.co.id,agus.tambunan@medikanusantara.co.id,Medan,Sumatera Utara,Warehouse Supervisor,2017-04-13,2017-04-13,Logistics,Active,,Manajemen Gudang Modern|Leadership Dasar|K3 Gudang,,7.7,True,Workable_only
EMP-2025,candidate_4778,MN-204,Dony Maulana,Dony Maulana,1980-06-06,dony.maulana@medikanusantara.co.id,dony.maulana@medikanusantara.co.id,Bandung,Jawa Barat,Sales Executive,2023-10-26,2023-10-26,HR,Inactive,Negotiation,Negosiasi untuk Sales|Teknik Penjualan Efektif|Pengenalan CRM Salesforce,,1.2,False,SAP_SF
EMP-2026,candidate_9348,MN-766,Retno Bastian,Retno Bastian,1999-02-21,retno.bastian@medikanusantara.co.id,retno.bastian@medikanusantara.co.id,Medan,Sumatera Utara,Logistics Coordinator,2019-01-11,2019-01-11,Finance,Active,Documentation|Delivery Management|Route Planning,Pengoperasian TMS,2024:3.1:Perlu perbaikan kedisiplinan||2023:4.2:Perlu coaching lebih lanjut||2022:4.6:,6.0,False,SAP_SF
EMP-2027,candidate_3930,MN-187,Fery Mulyadi,Fery Mulyadi,1996-11-30,fery.mulyadi@medikanusantara.co.id,fery.mulyadi@medikanusantara.co.id,Manado,Sulawesi Utara,Sales Representative,2018-09-15,2018-09-15,Finance,Active,,Product Knowledge Medika|Pengenalan CRM Salesforce|Teknik Penjualan Efektif,,6.3,False,SAP_SF
EMP-2028,candidate_7771,MN-863,Neni Salim,Neni Salim,1995-05-10,neni.salim@medikanusantara.co.id,neni.salim@medikanusantara.co.id,Manado,Sulawesi Utara,Staf Keuangan,2022-03-04,2022-03-04,Logistics,Active,,,,2.8,False,SAP_SF
EMP-2029,candidate_9395,MN-711,Lia Salim,Lia Salim,1983-09-16,lia.salim@medikanusantara.co.id,lia.salim@medikanusantara.co.id,Semarang,Jawa Tengah,Customer Service,2019-03-05,2019-03-05,Sales,Active,,Penanganan Komplain|Etika Profesional|Komunikasi Pelanggan Efektif,2024:3.9:Perlu peningkatan komunikasi||2023:4.1:Melebihi target Q3||2022:4.7:Perlu coaching lebih lanjut,5.8,False,SAP_SF
EMP-2030,candidate_2013,MN-690,Endah Hidayat,Endah Hidayat,1981-10-21,endah.hidayat@medikanusantara.co.id,endah73@gmail.com,Makassar,Sulawesi Selatan,Staf Logistik,2023-01-22,2023-01-22,IT,Inactive,Route Planning,,2024:4.0:Konsisten dalam pekerjaan||2023:4.4:Perlu coaching lebih lanjut||2022:3.2:Target tercapai,1.9,False,SAP_SF
EMP-2031,candidate_2130,MN-260,Wahyu Lestari,Wahyu Lestari,1975-02-13,wahyu.lestari@medikanusantara.co.id,wahyu.lestari@medikanusantara.co.id,Bandung,Jawa Barat,Supervisor Gudang,2018-09-09,2018-08-31,Operations,Active,Warehouse Operations|Inventory Management,,2024:4.3:Sangat baik||2023:3.1:,6.3,False,SAP_SF
EMP-2032,candidate_3130,MN-173,Titin Suharto,Titin Suharto,1994-09-13,titin.suharto@medikanusantara.co.id,titin89@gmail.com,Medan,Sumatera Utara,Driver,2016-09-01,2016-09-25,Finance,Active,,Perawatan Kendaraan Dasar|K3 Pengemudi,,8.3,True,Workable_only
EMP-2033,candidate_1139,MN-883,Dewi Susanto,Dewi Susanto,1976-10-21,dewi.susanto@medikanusantara.co.id,dewi.susanto@medikanusantara.co.id,Bandung,Jawa Barat,Sopir,2023-07-16,2023-07-16,Logistics,Active,,Navigasi dan Rute|Defensive Driving,2024:3.6:Melebihi target Q3||2023:3.7:Sangat kooperatif||2022:4.2:Sangat kooperatif,1.5,False,SAP_SF
EMP-2034,candidate_5953,MN-358,Zahra Hutapea,Zahra Hutapea,1999-05-04,zahra.hutapea@medikanusantara.co.id,zahra.hutapea@medikanusantara.co.id,Surabaya,Jawa Timur,HR Generalist,2019-08-17,2019-07-18,Sales,Active,,Manajemen Kinerja|Pengoperasian SAP SuccessFactors|Dasar Hukum Ketenagakerjaan,2024:3.0:Perlu pengembangan leadership||2023:3.6:Melebihi target Q3||2022:2.6:Konsisten dalam pekerjaan,5.4,False,SAP_SF
EMP-2035,candidate_2724,MN-763,Lena Suharto,Lena Suharto,1988-02-03,lena.suharto@medikanusantara.co.id,lena.suharto@medikanusantara.co.id,Makassar,Sulawesi Selatan,Staf HRD,2017-09-22,2017-09-22,HR,Active,,Dasar Hukum Ketenagakerjaan|Manajemen Kinerja,2024:3.5:Excellent performance||2023:4.4:,7.3,True,Workable_only
EMP-2036,candidate_5691,MN-957,Denny Mulyadi,Denny Mulyadi,1996-12-18,denny.mulyadi@medikanusantara.co.id,denny.mulyadi@medikanusantara.co.id,Surabaya,Jawa Timur,Warehouse Supervisor,2022-08-01,2022-08-01,Logistics,Active,Warehouse Operations|ERP System Operation,Leadership Dasar|K3 Gudang|Sistem ERP SAP WM,2024:5.0:||2023:3.5:Target tercapai||2022:2.6:Membutuhkan mentoring,2.4,False,SAP_SF
EMP-2037,candidate_2868,MN-614,Mila Wibowo,Mila Wibowo,1979-07-03,mila.wibowo@medikanusantara.co.id,mila.wibowo@medikanusantara.co.id,Denpasar,Bali,Driver,2022-08-14,2022-08-14,IT,Active,Delivery Documentation|Defensive Driving|Vehicle Maintenance,,2024:4.9:||2023:4.5:||2022:4.1:Melebihi target Q3,2.4,False,SAP_SF
EMP-2038,candidate_1921,MN-340,Fauzi Nasution,Fauzi Nasution,1987-11-22,fauzi.nasution@medikanusantara.co.id,fauzi.nasution@medikanusantara.co.id,Manado,Sulawesi Utara,Sales Representative,2023-01-29,2023-01-29,IT,Active,Customer Relationship Management|Territory Management,Negosiasi untuk Sales|Teknik Penjualan Efektif|Product Knowledge Medika,2024:2.6:Target tercapai,1.9,False,SAP_SF
EMP-2039,candidate_7067,MN-734,Sri Prasetyo,Sri Prasetyo,1985-06-01,sri.prasetyo@medikanusantara.co.id,sri.prasetyo@medikanusantara.co.id,Medan,Sumatera Utara,Senior Sales Rep,2023-08-30,2023-07-19,Operations,On Leave,,Product Knowledge Medika,2024:4.2:||2023:3.6:Perlu perbaikan kedisiplinan||2022:3.2:Membutuhkan mentoring,1.3,False,SAP_SF
EMP-2040,candidate_6681,MN-688,Endah Permana,Endah Permana,1988-03-30,endah.permana@medikanusantara.co.id,endah85@gmail.com,Bandung,Jawa Barat,Staff Logistik,2019-04-26,2019-04-26,Operations,Active,,,2024:4.4:Perlu perbaikan kedisiplinan||2023:4.4:Perlu pengembangan leadership||2022:4.4:,5.7,False,SAP_SF
EMP-2041,candidate_1445,MN-416,Ridwan Saputra,Ridwan Saputra,1979-01-16,ridwan.saputra@medikanusantara.co.id,ridwan.saputra@medikanusantara.co.id,Makassar,Sulawesi Selatan,Pengemudi,2020-12-10,2020-11-12,Sales,Active,,K3 Pengemudi,2024:4.7:Excellent performance||2023:4.8:Perlu pengembangan leadership||2022:4.8:Perlu pengembangan leadership,4.1,False,SAP_SF
EMP-2042,candidate_9931,MN-474,Irwan Suharto,Irwan Suhart,1975-08-17,irwan.suharto@medikanusantara.co.id,irwan.suharto@medikanusantara.co.id,Palembang,Sumatera Selatan,Driver,2017-01-04,2017-01-04,Logistics,Active,,Navigasi dan Rute|Perawatan Kendaraan Dasar|K3 Pengemudi,2024:4.9:||2023:3.1:||2022:4.7:Perlu perbaikan kedisiplinan,8.0,False,SAP_SF
EMP-2043,candidate_1409,MN-411,Galih Hidayat,Galih Hidayat,1992-06-07,galih.hidayat@medikanusantara.co.id,galih.hidayat@medikanusantara.co.id,Medan,Sumatera Utara,Senior Sales Rep,2021-07-10,2021-06-20,Finance,Active,Territory Management|CRM Software|Negotiation,Product Knowledge Medika,2024:4.6:Perlu pengembangan leadership||2023:2.6:Perlu coaching lebih lanjut,3.5,False,SAP_SF
EMP-2044,candidate_6676,MN-162,Fitria Wahyudi,Fitria Wahyuda,1979-02-10,fitria.wahyudi@medikanusantara.co.id,fitria.wahyudi@medikanusantara.co.id,Manado,Sulawesi Utara,Sopir,2020-06-18,2020-06-30,IT,Active,Defensive Driving|Safety Compliance|Route Navigation,,,4.5,False,SAP_SF
EMP-2045,candidate_846,MN-383,Mira Halim,Mira Halim,1999-03-26,mira.halim@medikanusantara.co.id,mira.halim@medikanusantara.co.id,Medan,Sumatera Utara,Customer Service Rep,2017-08-15,2017-08-15,Finance,Active,,Penanganan Komplain,,7.4,False,SAP_SF
EMP-2046,candidate_9419,MN-216,Tuti Rahayu,Tuti Rahayu,1991-03-29,tuti.rahayu@medikanusantara.co.id,tuti.rahayu@medikanusantara.co.id,Medan,Sumatera Utara,Customer Service Rep,2016-09-17,2016-09-17,HR,Active,,Komunikasi Pelanggan Efektif|Pengoperasian CRM|Penanganan Komplain,2024:4.9:||2023:3.7:Sangat baik,8.3,False,SAP_SF
EMP-2047,candidate_2867,MN-381,Rudi Yusuf,Rudi Yusuf,1999-08-07,rudi.yusuf@medikanusantara.co.id,rudi.yusuf@medikanusantara.co.id,Pontianak,Kalimantan Barat,Eksekutif Penjualan,2023-01-01,2023-01-01,Operations,Active,,Product Knowledge Medika|Negosiasi untuk Sales,2024:2.7:Sangat baik||2023:4.1:Membutuhkan mentoring,2.0,False,SAP_SF
EMP-2048,candidate_5920,MN-537,Reza Maulana,Reza Maulana,1991-10-16,reza.maulana@medikanusantara.co.id,reza.maulana@medikanusantara.co.id,Palembang,Sumatera Selatan,Staf CS,2019-07-04,2019-07-04,IT,Active,Customer Communication|Product Knowledge,Etika Profesional,,5.5,False,SAP_SF
EMP-2049,candidate_7530,MN-462,Mega Hutapea,Mega Hutapea,1993-12-21,mega.hutapea@medikanusantara.co.id,mega.hutapea@medikanusantara.co.id,Balikpapan,Kalimantan Timur,IT Technician,2023-06-18,2023-06-18,Operations,Active,User Training|Software Support,Troubleshooting Hardware|Jaringan Komputer Dasar|Manajemen Tiket IT,2024:2.8:Sangat kooperatif,1.5,False,SAP_SF
EMP-2050,candidate_9921,MN-126,Mega Tambunan,Mega Tambunan,1986-12-30,mega.tambunan@medikanusantara.co.id,mega35@gmail.com,Pontianak,Kalimantan Barat,IT Support,2022-10-30,2022-10-30,Finance,Active,Software Support|User Training,,2024:3.9:Perlu peningkatan komunikasi||2023:4.4:Melebihi target Q3||2022:4.4:,2.2,False,SAP_SF
EMP-2051,candidate_1661,MN-259,Nurul Ginting,Nurul Ginting,1977-03-26,nurul.ginting@medikanusantara.co.id,nurul.ginting@medikanusantara.co.id,Pontianak,Kalimantan Barat,Eksekutif Penjualan,2017-10-06,2017-10-06,Logistics,Active,,Product Knowledge Medika|Pengenalan CRM Salesforce,2024:4.4:,7.2,False,SAP_SF
EMP-2052,candidate_1697,MN-107,Sela Firmansyah,Sela Firmansyao,1984-06-22,sela.firmansyah@medikanusantara.co.id,sela.firmansyah@medikanusantara.co.id,Surabaya,Jawa Timur,Warehouse Supervisor,2018-04-17,2018-04-17,HR,Active,Warehouse Operations|Inventory Management,,2024:2.9:Membutuhkan mentoring||2023:3.1:Sangat baik,6.7,False,SAP_SF
EMP-2053,candidate_7426,MN-826,Fitri Yusuf,Fitri Yusuf,1980-03-02,fitri.yusuf@medikanusantara.co.id,fitri.yusuf@medikanusantara.co.id,Pontianak,Kalimantan Barat,Staff Pengiriman,2023-03-07,2023-03-07,IT,Active,Documentation,Pengoperasian TMS|Logistik dan Distribusi Dasar|Dokumentasi Pengiriman,2024:3.1:Excellent performance||2023:2.7:Membutuhkan mentoring||2022:3.3:Perlu peningkatan komunikasi,1.8,True,Workable_only
EMP-2054,candidate_3219,MN-341,Laras Sudirman,Laras Sudirman,1981-11-09,laras.sudirman@medikanusantara.co.id,laras.sudirman@medikanusantara.co.id,Balikpapan,Kalimantan Timur,CS Officer,2017-02-25,2017-02-08,HR,Active,Data Entry,Etika Profesional|Pengoperasian CRM|Penanganan Komplain,2024:4.1:||2023:2.7:Perlu pengembangan leadership||2022:4.5:Sangat kooperatif,7.9,False,SAP_SF
EMP-2055,candidate_2279,MN-729,Neni Andriani,Neni Andriani,1995-10-04,neni.andriani@medikanusantara.co.id,neni.andriani@medikanusantara.co.id,Makassar,Sulawesi Selatan,Teknisi IT,2022-08-30,2022-08-30,Logistics,Active,Hardware Troubleshooting|IT Documentation|Software Support,Manajemen Tiket IT|Keamanan Siber Dasar,,2.3,True,Workable_only
EMP-2056,candidate_7972,MN-549,Akbar Nugroho,Akbar Nugroho,1982-02-13,akbar.nugroho@medikanusantara.co.id,akbar.nugroho@medikanusantara.co.id,Surabaya,Jawa Timur,Warehouse Supervisor,2021-11-16,2021-11-16,Finance,Active,Safety Compliance|Warehouse Operations,Sistem ERP SAP WM,,3.1,False,SAP_SF
EMP-2057,candidate_3117,MN-458,Yusuf Siahaan,Yusuf Siahaan,1992-07-31,yusuf.siahaan@medikanusantara.co.id,yusuf91@gmail.com,Medan,Sumatera Utara,Logistics Coordinator,2019-06-24,2019-06-24,Operations,On Leave,Documentation|Inventory Management,Logistik dan Distribusi Dasar|Dokumentasi Pengiriman,2024:3.6:Sangat kooperatif||2023:3.3:Sangat kooperatif,5.5,False,SAP_SF
EMP-2058,candidate_2457,MN-619,Dian Hartono,Dian Hartono,1998-08-14,dian.hartono@medikanusantara.co.id,dian44@gmail.com,Semarang,Jawa Tengah,Driver,2022-01-19,2022-01-19,HR,Active,Route Navigation|Delivery Documentation|Defensive Driving,,2024:4.4:Perlu peningkatan komunikasi||2023:4.3:||2022:3.4:Perlu coaching lebih lanjut,3.0,False,SAP_SF
EMP-2059,candidate_3978,MN-476,Sigit Firmansyah,Sigit Firmansyah,1994-10-06,sigit.firmansyah@medikanusantara.co.id,sigit.firmansyah@medikanusantara.co.id,Denpasar,Bali,Driver,2023-08-10,2023-08-10,Operations,Active,,Perawatan Kendaraan Dasar|Defensive Driving|Navigasi dan Rute,2024:2.8:||2023:4.1:Excellent performance||2022:4.8:Excellent performance,1.4,False,SAP_SF
EMP-2060,candidate_4437,MN-936,Rosi Wibowo,Rosi Wibowo,1976-03-12,rosi.wibowo@medikanusantara.co.id,rosi.wibowo@medikanusantara.co.id,Palembang,Sumatera Selatan,Staf Penjualan,2021-01-21,2021-01-21,Operations,Active,,Teknik Penjualan Efektif|Pengenalan CRM Salesforce,2024:3.3:,3.9,False,SAP_SF
EMP-2061,candidate_8485,MN-559,Rizal Salim,Rizal Salim,1986-06-25,rizal.salim@medikanusantara.co.id,rizal.salim@medikanusantara.co.id,Medan,Sumatera Utara,Customer Service Rep,2022-11-25,2022-11-15,Sales,Active,,Etika Profesional|Komunikasi Pelanggan Efektif|Penanganan Komplain,2024:2.8:,2.1,False,SAP_SF
EMP-2062,candidate_9243,MN-688,Susi Siahaan,Susi Siahaan,1988-01-25,susi.siahaan@medikanusantara.co.id,susi.siahaan@medikanusantara.co.id,Manado,Sulawesi Utara,Sales Representative,2018-09-17,2018-09-17,IT,Active,Territory Management,Teknik Penjualan Efektif|Negosiasi untuk Sales|Pengenalan CRM Salesforce,,6.3,False,SAP_SF
EMP-2063,candidate_6916,MN-359,Puji Salim,Puji Salim,1978-01-11,puji.salim@medikanusantara.co.id,puji.salim@medikanusantara.co.id,Surabaya,Jawa Timur,IT Support,2016-03-07,2016-03-07,Operations,Active,Hardware Troubleshooting|Software Support|User Training,,2024:4.5:||2023:4.4:Membutuhkan mentoring,8.8,False,SAP_SF
EMP-2064,candidate_1517,MN-910,Laras Bastian,Laras Bastian,1989-02-26,laras.bastian@medikanusantara.co.id,laras.bastian@medikanusantara.co.id,Surabaya,Jawa Timur,Warehouse Supervisor,2018-03-28,2018-03-28,HR,Active,Safety Compliance|Warehouse Operations|Inventory Management,Sistem ERP SAP WM,2024:4.5:Sangat kooperatif,6.8,False,SAP_SF
EMP-2065,candidate_3860,MN-608,Putri Ridwan,Putri Ridwan,1998-04-17,putri.ridwan@medikanusantara.co.id,putri.ridwan@medikanusantara.co.id,Palembang,Sumatera Selatan,Staf Logistik,2023-10-05,2023-10-05,HR,Active,,Dokumentasi Pengiriman|Logistik dan Distribusi Dasar,2024:3.3:||2023:4.2:Perlu perbaikan kedisiplinan,1.2,False,SAP_SF
EMP-2066,candidate_5298,MN-754,Rina Sudirman,Rina Sudirman,1991-04-19,rina.sudirman@medikanusantara.co.id,rina.sudirman@medikanusantara.co.id,Pontianak,Kalimantan Barat,Driver,2016-08-22,2016-10-06,Sales,Active,Defensive Driving,,2024:4.5:||2023:2.7:Sangat kooperatif,8.4,False,SAP_SF
EMP-2067,candidate_2059,MN-687,Ridwan Ridwan,Ridwan Ridwan,1992-11-08,ridwan.ridwan@medikanusantara.co.id,ridwan.ridwan@medikanusantara.co.id,Balikpapan,Kalimantan Timur,Logistics Officer,2017-07-17,2017-07-17,Sales,Active,,Dokumentasi Pengiriman,,7.5,False,SAP_SF
EMP-2068,candidate_5478,MN-810,Tuti Ridwan,Tuti Ridwan,1995-04-12,tuti.ridwan@medikanusantara.co.id,tuti.ridwan@medikanusantara.co.id,Bandung,Jawa Barat,Sopir,2021-07-04,2021-06-21,Finance,Active,Vehicle Maintenance,Defensive Driving|Navigasi dan Rute|K3 Pengemudi,2024:4.6:Membutuhkan mentoring||2023:4.1:Excellent performance||2022:3.1:Perlu peningkatan komunikasi,3.5,False,SAP_SF
EMP-2069,candidate_2212,MN-167,Neni Bastian,Neni Bastian,1996-06-21,neni.bastian@medikanusantara.co.id,neni.bastian@medikanusantara.co.id,Manado,Sulawesi Utara,Sales Representative,2019-06-20,2019-06-20,Sales,Active,Customer Relationship Management|Product Knowledge|CRM Software,Product Knowledge Medika|Negosiasi untuk Sales,2024:2.8:Excellent performance||2023:4.1:,5.5,False,SAP_SF
EMP-2070,candidate_6086,MN-826,Anton Wibowo,Anton Wibowo,1998-04-11,anton.wibowo@medikanusantara.co.id,anton.wibowo@medikanusantara.co.id,Semarang,Jawa Tengah,Tenaga Penjual Senior,2018-07-12,2018-07-12,Operations,Active,Product Knowledge|Negotiation,,2024:3.8:Perlu peningkatan komunikasi,6.5,False,SAP_SF
EMP-2071,candidate_1474,MN-945,Syahrul Siahaan,Syahrul Siahaan,1984-06-15,syahrul.siahaan@medikanusantara.co.id,syahrul.siahaan@medikanusantara.co.id,Balikpapan,Kalimantan Timur,Pengemudi,2016-04-26,2016-06-06,Operations,Active,,Navigasi dan Rute|Perawatan Kendaraan Dasar,2024:3.7:Sangat baik||2023:3.5:Membutuhkan mentoring||2022:2.6:Perlu coaching lebih lanjut,8.7,False,SAP_SF
EMP-2072,candidate_2942,MN-878,Suci Yusuf,Suci Yusuf,1979-10-06,suci.yusuf@medikanusantara.co.id,suci.yusuf@medikanusantara.co.id,Balikpapan,Kalimantan Timur,Pengemudi,2020-02-26,2020-02-26,HR,Active,Delivery Documentation|Route Navigation,,,4.9,False,SAP_SF
EMP-2073,candidate_3910,MN-881,Bayu Yusuf,Bayu Yusuf,1998-02-02,bayu.yusuf@medikanusantara.co.id,bayu.yusuf@medikanusantara.co.id,Pontianak,Kalimantan Barat,Customer Service,2017-10-14,2017-10-14,Sales,Active,Customer Communication|Product Knowledge,Etika Profesional|Komunikasi Pelanggan Efektif|Pengoperasian CRM,2024:2.6:||2023:4.0:Sangat baik,7.2,False,SAP_SF
EMP-2074,candidate_7363,MN-152,Tuti Wahyudi,Tuti Wahyudi,1991-04-06,tuti.wahyudi@medikanusantara.co.id,tuti.wahyudi@medikanusantara.co.id,Palembang,Sumatera Selatan,Staf Logistik,2022-05-24,2022-05-24,HR,Active,,Pengoperasian TMS|Logistik dan Distribusi Dasar|Dokumentasi Pengiriman,2024:3.5:Sangat kooperatif||2023:3.9:Perlu peningkatan komunikasi||2022:3.0:Excellent performance,2.6,True,Workable_only
EMP-2075,candidate_6018,MN-266,Dian Siahaan,Dian Siahaan,1988-06-03,dian.siahaan@medikanusantara.co.id,dian.siahaan@medikanusantara.co.id,Manado,Sulawesi Utara,Sales Representative,2020-05-28,2020-05-28,Logistics,Active,Territory Management|CRM Software|Negotiation,Teknik Penjualan Efektif|Pengenalan CRM Salesforce,2024:2.8:Perlu pengembangan leadership,4.6,False,SAP_SF
EMP-2076,candidate_4528,MN-838,Fery Salim,Fery Salim,1982-08-25,fery.salim@medikanusantara.co.id,fery.salim@medikanusantara.co.id,Semarang,Jawa Tengah,Driver,2016-07-29,2016-07-29,Logistics,Active,Route Navigation|Safety Compliance,,2024:2.8:||2023:3.3:||2022:4.2:Perlu perbaikan kedisiplinan,8.4,False,SAP_SF
EMP-2077,candidate_6125,MN-778,Hendri Saputra,Hendri Saputra,1989-01-27,hendri.saputra@medikanusantara.co.id,hendri.saputra@medikanusantara.co.id,Manado,Sulawesi Utara,Manajer Penjualan,2021-05-13,2021-05-13,Operations,Active,Sales Strategy|Budget Planning|Product Knowledge,Sales Forecasting|Strategic Account Management|Coaching & Mentoring,,3.6,False,SAP_SF
EMP-2078,candidate_8811,MN-424,Bambang Andriani,Bambang Andrian,1987-04-08,bambang.andriani@medikanusantara.co.id,bambang.andriani@medikanusantara.co.id,Bandung,Jawa Barat,Branch Manager,2021-05-19,2021-05-19,Logistics,Active,Strategic Planning|Performance Management|P&L Management,Leadership dan Motivasi,,3.6,False,SAP_SF
EMP-2079,candidate_5242,MN-675,Endah Lestari,Endah Lestari,1985-11-16,endah.lestari@medikanusantara.co.id,endah68@gmail.com,Bandung,Jawa Barat,Sopir,2023-10-22,2023-10-11,Logistics,Active,,,,1.2,False,SAP_SF
EMP-2080,candidate_8593,MN-588,Budi Hutapea,Budi Hutape,1987-10-21,budi.hutapea@medikanusantara.co.id,budi.hutapea@medikanusantara.co.id,Medan,Sumatera Utara,Logistics Coordinator,2023-04-18,2023-05-11,HR,Active,Documentation,,2024:4.6:||2023:4.8:Perlu peningkatan komunikasi,1.7,False,SAP_SF
EMP-2081,candidate_2558,MN-443,Putri Andriani,Putri Andriani,1999-05-16,putri.andriani@medikanusantara.co.id,putri.andriani@medikanusantara.co.id,Surabaya,Jawa Timur,Sales Executive,2019-03-11,2019-03-11,Finance,Active,Territory Management,Teknik Penjualan Efektif,2024:4.3:Membutuhkan mentoring,5.8,False,SAP_SF
EMP-2082,candidate_7443,MN-946,Irwan Setiawan,Irwan Setiawan,1978-11-22,irwan.setiawan@medikanusantara.co.id,irwan.setiawan@medikanusantara.co.id,Medan,Sumatera Utara,Finance Officer,2020-10-17,2020-10-17,Finance,Active,,Pengoperasian SAP Finance|Pelaporan Keuangan,,4.2,False,SAP_SF
EMP-2083,candidate_6690,MN-809,Bambang Manurung,Bambang Manurung,1988-10-05,bambang.manurung@medikanusantara.co.id,bambang.manurung@medikanusantara.co.id,Pontianak,Kalimantan Barat,Eksekutif Penjualan,2018-08-25,2018-09-06,HR,Active,Negotiation|Customer Relationship Management|Territory Management,Negosiasi untuk Sales|Product Knowledge Medika,2024:4.9:Perlu coaching lebih lanjut,6.4,False,SAP_SF
EMP-2084,candidate_2141,MN-638,Taufik Panjaitan,Taufik Panjaitan,1991-03-25,taufik.panjaitan@medikanusantara.co.id,taufik73@gmail.com,Bandung,Jawa Barat,Layanan Pelanggan,2021-01-03,2021-01-03,Logistics,Active,,Penanganan Komplain|Pengoperasian CRM|Komunikasi Pelanggan Efektif,,4.0,False,SAP_SF
EMP-2085,candidate_8098,MN-928,Dimas Nasution,Dimas Nasution,1998-01-09,dimas.nasution@medikanusantara.co.id,dimas.nasution@medikanusantara.co.id,Makassar,Sulawesi Selatan,Pengemudi,2016-08-15,2016-08-15,Logistics,Active,Delivery Documentation|Vehicle Maintenance|Safety Compliance,,2024:2.5:,8.4,True,Workable_only
EMP-2086,candidate_7498,MN-284,Yuni Hartono,Yuni Hartono,1993-11-09,yuni.hartono@medikanusantara.co.id,yuni.hartono@medikanusantara.co.id,Denpasar,Bali,Sales Exec,2017-07-08,2017-07-08,Sales,Active,CRM Software|Territory Management,,2024:4.7:||2023:4.7:||2022:5.0:Perlu peningkatan komunikasi,7.5,False,SAP_SF
EMP-2087,candidate_7014,MN-943,Bambang Bastian,Bambang Bastian,1987-05-14,bambang.bastian@medikanusantara.co.id,bambang.bastian@medikanusantara.co.id,Manado,Sulawesi Utara,Staf Logistik,2018-07-29,2018-07-02,Sales,Active,Logistics Operations,Dokumentasi Pengiriman|Logistik dan Distribusi Dasar,2024:2.7:Perlu coaching lebih lanjut,6.4,False,SAP_SF
EMP-2088,candidate_4359,MN-872,Rina Maulana,Rina Maulana,1989-04-21,rina.maulana@medikanusantara.co.id,rina.maulana@medikanusantara.co.id,Denpasar,Bali,Spv. Warehouse,2016-08-19,2016-07-27,HR,Active,Team Leadership|Warehouse Operations,K3 Gudang|Leadership Dasar|Sistem ERP SAP WM,2024:3.9:Membutuhkan mentoring,8.4,False,SAP_SF
EMP-2089,candidate_6022,MN-813,Dedi Sudirman,Dedi Sudirma,1988-06-14,dedi.sudirman@medikanusantara.co.id,dedi.sudirman@medikanusantara.co.id,Palembang,Sumatera Selatan,Staf CS,2020-09-01,2020-09-01,Finance,Active,Issue Resolution|Product Knowledge,Penanganan Komplain|Etika Profesional|Komunikasi Pelanggan Efektif,2024:4.9:Perlu peningkatan komunikasi||2023:3.5:,4.3,False,SAP_SF
EMP-2090,candidate_1447,MN-994,Syahrul Setiawan,Syahrul Setiawan,1996-07-03,syahrul.setiawan@medikanusantara.co.id,syahrul.setiawan@medikanusantara.co.id,Surabaya,Jawa Timur,Warehouse Supervisor,2016-10-25,2016-09-13,HR,Active,Inventory Management|Team Leadership,Manajemen Gudang Modern|Sistem ERP SAP WM|K3 Gudang,2024:4.2:Target tercapai||2023:4.8:Perlu pengembangan leadership||2022:3.5:Sangat kooperatif,8.2,False,SAP_SF
EMP-2091,candidate_6873,MN-420,Syahrul Salim,Syahrul Salim,1975-09-23,syahrul.salim@medikanusantara.co.id,syahrul.salim@medikanusantara.co.id,Balikpapan,Kalimantan Timur,Pengemudi,2020-08-22,2020-08-03,Finance,Active,Delivery Documentation|Vehicle Maintenance|Defensive Driving,,2024:3.9:,4.4,False,SAP_SF
EMP-2092,candidate_6570,MN-273,Yogi Nasution,Yogi Nasution,1996-11-26,yogi.nasution@medikanusantara.co.id,yogi.nasution@medikanusantara.co.id,Denpasar,Bali,Manager Sales,2017-07-27,2017-07-27,IT,Active,Team Leadership|Budget Planning|Product Knowledge,Leadership for Sales Managers,2024:3.5:Konsisten dalam pekerjaan||2023:2.7:||2022:3.0:Memenuhi target penjualan,7.4,False,SAP_SF
EMP-2093,candidate_9838,MN-521,Yusuf Nasution,Yusuf Nasution,1975-10-08,yusuf.nasution@medikanusantara.co.id,yusuf.nasution@medikanusantara.co.id,Surabaya,Jawa Timur,Sales Executive,2016-02-18,2016-03-11,Operations,Active,Product Knowledge|Customer Relationship Management,Pengenalan CRM Salesforce|Teknik Penjualan Efektif|Negosiasi untuk Sales,2024:3.1:Target tercapai||2023:2.7:Perlu coaching lebih lanjut,8.9,False,SAP_SF
EMP-2094,candidate_6979,MN-665,Rudi Kusuma,Rudi Kusuma,1978-09-16,rudi.kusuma@medikanusantara.co.id,rudi.kusuma@medikanusantara.co.id,Makassar,Sulawesi Selatan,Staf Logistik,2021-05-03,2021-04-28,Logistics,Active,Documentation|Logistics Operations,Logistik dan Distribusi Dasar,2024:4.7:Perlu coaching lebih lanjut,3.7,False,SAP_SF
EMP-2095,candidate_5952,MN-116,Titin Ginting,Titin Ginting,1992-11-12,titin.ginting@medikanusantara.co.id,titin.ginting@medikanusantara.co.id,Surabaya,Jawa Timur,Sales Manager,2018-04-28,2018-04-28,Finance,Active,,Strategic Account Management|Sales Forecasting|Coaching & Mentoring,2024:4.3:Membutuhkan mentoring,6.7,False,SAP_SF
EMP-2096,candidate_7299,MN-892,Vina Suharto,Vina Suharti,1997-01-03,vina.suharto@medikanusantara.co.id,vina.suharto@medikanusantara.co.id,Makassar,Sulawesi Selatan,Staf Logistik,2019-08-29,2019-09-20,HR,Active,Inventory Management|Route Planning,Pengoperasian TMS|Logistik dan Distribusi Dasar|Dokumentasi Pengiriman,2024:4.3:||2023:2.9:Sangat baik||2022:2.9:Sangat kooperatif,5.3,False,SAP_SF
EMP-2097,candidate_7861,MN-559,Ferdi Permana,Ferdi Permana,1993-04-21,ferdi.permana@medikanusantara.co.id,ferdi12@gmail.com,Medan,Sumatera Utara,Senior Sales Rep,2022-03-31,2022-03-31,Operations,Active,,,2024:3.3:Perlu pengembangan leadership||2023:3.5:Membutuhkan mentoring,2.8,False,SAP_SF
EMP-2098,candidate_5733,MN-374,Ratna Zainal,Ratna Zainal,1987-05-19,ratna.zainal@medikanusantara.co.id,ratna.zainal@medikanusantara.co.id,Medan,Sumatera Utara,Senior Sales Rep,2021-07-12,2021-07-27,Finance,Active,Negotiation,Product Knowledge Medika,2024:3.0:||2023:3.3:Sangat kooperatif,3.5,False,SAP_SF
EMP-2099,candidate_4090,MN-590,Vina Siahaan,Vina Siahaan,1988-01-28,vina.siahaan@medikanusantara.co.id,vina.siahaan@medikanusantara.co.id,Medan,Sumatera Utara,Warehouse Supervisor,2019-07-10,2019-08-09,Sales,Active,Team Leadership|Warehouse Operations|ERP System Operation,Sistem ERP SAP WM|Manajemen Gudang Modern,2024:3.0:Perlu peningkatan komunikasi||2023:4.2:Membutuhkan mentoring||2022:3.7:Perlu coaching lebih lanjut,5.5,False,SAP_SF
EMP-2100,candidate_4765,MN-358,Galih Nasution,Galih Nasution,1978-04-26,galih.nasution@medikanusantara.co.id,galih.nasution@medikanusantara.co.id,Medan,Sumatera Utara,IT Support Specialist,2023-05-21,2023-06-22,IT,On Leave,IT Documentation|User Training|Software Support,,2024:4.3:Perlu perbaikan kedisiplinan||2023:4.1:||2022:4.4:Sangat kooperatif,1.6,False,SAP_SF
EMP-2101,candidate_7852,MN-208,Ridwan Maulana,Ridwan Maulana,1994-12-30,ridwan.maulana@medikanusantara.co.id,ridwan.maulana@medikanusantara.co.id,Balikpapan,Kalimantan Timur,Pengemudi,2016-02-13,2016-01-25,Finance,Active,Safety Compliance|Route Navigation|Delivery Documentation,Defensive Driving|K3 Pengemudi,2024:4.9:,8.9,False,SAP_SF
EMP-2102,candidate_2399,MN-548,Imam Siregar,Imam Siregar,1978-01-05,imam.siregar@medikanusantara.co.id,imam.siregar@medikanusantara.co.id,Denpasar,Bali,Logistics Staff,2023-10-24,2023-10-24,Logistics,Active,Logistics Operations,Logistik dan Distribusi Dasar|Dokumentasi Pengiriman|Pengoperasian TMS,2024:3.9:Target tercapai||2023:4.9:,1.2,False,SAP_SF
EMP-2103,candidate_8165,MN-706,Yoga Wijaya,Yoga Wijaya,1984-08-20,yoga.wijaya@medikanusantara.co.id,yoga.wijaya@medikanusantara.co.id,Pontianak,Kalimantan Barat,Driver,2020-10-25,2020-10-25,Sales,Active,Safety Compliance,,2024:3.0:Perlu coaching lebih lanjut||2023:2.8:Perlu coaching lebih lanjut||2022:3.8:Perlu perbaikan kedisiplinan,4.2,False,SAP_SF
EMP-2104,candidate_5673,MN-729,Reza Tambunan,Reza Tambunan,1980-04-15,reza.tambunan@medikanusantara.co.id,reza.tambunan@medikanusantara.co.id,Medan,Sumatera Utara,Driver,2022-08-14,2022-08-27,Logistics,Active,,Perawatan Kendaraan Dasar,2024:2.8:Perlu peningkatan komunikasi,2.4,False,SAP_SF
EMP-2105,candidate_3098,MN-291,Hadi Hutapea,Hadi Hutapea,1977-05-28,hadi.hutapea@medikanusantara.co.id,hadi.hutapea@medikanusantara.co.id,Medan,Sumatera Utara,HR Officer,2019-07-12,2019-07-12,Operations,Active,Employee Relations|Training & Development,Manajemen Kinerja|Dasar Hukum Ketenagakerjaan|Pengoperasian SAP SuccessFactors,2024:4.6:Melebihi target Q3,5.5,False,SAP_SF
EMP-2106,candidate_8292,MN-679,Yanti Suharto,Yanti Suharto,1980-01-29,yanti.suharto@medikanusantara.co.id,yanti.suharto@medikanusantara.co.id,Manado,Sulawesi Utara,Pengawas Gudang,2021-07-21,2021-07-21,Finance,Active,,Manajemen Gudang Modern|Sistem ERP SAP WM,2024:3.0:Membutuhkan mentoring,3.5,False,SAP_SF
EMP-2107,candidate_2225,MN-549,Hendra Ridwan,Hendra Ridwan,1985-08-18,hendra.ridwan@medikanusantara.co.id,hendra.ridwan@medikanusantara.co.id,Semarang,Jawa Tengah,Logistik,2017-04-25,2017-04-25,Sales,Active,Delivery Management|Inventory Management|Logistics Operations,Logistik dan Distribusi Dasar,2024:3.9:Perlu perbaikan kedisiplinan||2023:3.8:Membutuhkan mentoring||2022:3.2:Excellent performance,7.7,False,SAP_SF
EMP-2108,candidate_2878,MN-818,Irwan Iskandar,Irwan Iskandar,1992-08-13,irwan.iskandar@medikanusantara.co.id,irwan.iskandar@medikanusantara.co.id,Surabaya,Jawa Timur,Driver,2017-06-27,2017-06-02,Logistics,Inactive,Delivery Documentation|Safety Compliance,Defensive Driving|K3 Pengemudi|Navigasi dan Rute,2024:4.7:Perlu coaching lebih lanjut||2023:3.3:,7.5,False,SAP_SF
EMP-2109,candidate_7316,MN-323,Retno Sudirman,Retno Sudirman,1997-03-11,retno.sudirman@medikanusantara.co.id,retno.sudirman@medikanusantara.co.id,Makassar,Sulawesi Selatan,CS,2020-10-25,2020-10-25,Logistics,Active,Product Knowledge|Issue Resolution,Pengoperasian CRM|Etika Profesional,2024:2.6:Perlu coaching lebih lanjut||2023:2.5:Perlu peningkatan komunikasi||2022:3.6:,4.2,False,SAP_SF
EMP-2110,candidate_5289,MN-195,Mila Firmansyah,Mila Firmansyah,1978-09-12,mila.firmansyah@medikanusantara.co.id,mila.firmansyah@medikanusantara.co.id,Medan,Sumatera Utara,Driver,2023-05-05,2023-05-05,Sales,Active,Defensive Driving,K3 Pengemudi|Perawatan Kendaraan Dasar,2024:4.3:||2023:3.7:,1.7,False,SAP_SF
EMP-2111,candidate_8626,MN-172,Harti Hidayat,Harti Hidayat,1979-08-06,harti.hidayat@medikanusantara.co.id,harti48@gmail.com,Palembang,Sumatera Selatan,Kepala Cabang,2018-07-26,2018-07-26,Operations,Active,Strategic Planning,P&L Management,,6.4,False,SAP_SF
EMP-2112,candidate_8048,MN-980,Syahrul Lestari,Syahrul Lestari,1980-07-10,syahrul.lestari@medikanusantara.co.id,syahrul.lestari@medikanusantara.co.id,Medan,Sumatera Utara,Driver,2018-06-08,2018-05-28,Logistics,Active,,K3 Pengemudi|Defensive Driving,2024:2.7:Perlu perbaikan kedisiplinan,6.6,False,SAP_SF
EMP-2113,candidate_9148,MN-293,Yusuf Firmansyah,Yusuf Firmansyah,1997-03-14,yusuf.firmansyah@medikanusantara.co.id,yusuf.firmansyah@medikanusantara.co.id,Bandung,Jawa Barat,HR Generalist,2020-05-23,2020-05-15,Sales,Active,,Rekrutmen Berbasis Kompetensi,2024:4.8:||2023:4.7:Sangat kooperatif||2022:3.9:,4.6,False,SAP_SF
EMP-2114,candidate_1790,MN-908,Eko Santoso,Eko Santoso,1997-06-23,eko.santoso@medikanusantara.co.id,eko.santoso@medikanusantara.co.id,Semarang,Jawa Tengah,Sales Team Leader,2020-06-18,2020-06-18,Operations,Active,Team Leadership|Budget Planning,Sales Forecasting,,4.5,True,Workable_only
EMP-2115,candidate_7967,MN-847,Yoga Manurung,Yoga Manurung,1980-03-15,yoga.manurung@medikanusantara.co.id,yoga.manurung@medikanusantara.co.id,Makassar,Sulawesi Selatan,Kepala Gudang,2018-09-04,2018-09-14,Finance,Active,Team Leadership|Inventory Management,,,6.3,True,Workable_only
EMP-2116,candidate_5203,MN-850,Ratna Wahyudi,Ratna Wahyudi,1976-04-25,ratna.wahyudi@medikanusantara.co.id,ratna.wahyudi@medikanusantara.co.id,Medan,Sumatera Utara,Customer Service Rep,2017-04-28,2017-04-28,Logistics,Active,Customer Communication|CRM Software|Data Entry,Komunikasi Pelanggan Efektif|Penanganan Komplain|Pengoperasian CRM,2024:2.6:Perlu peningkatan komunikasi||2023:3.4:,7.7,False,SAP_SF
EMP-2117,candidate_1001,MN-350,Zulkifli Lubis,Zulkifli Lubii,1992-03-06,zulkifli.lubis@medikanusantara.co.id,zulkifli.lubis@medikanusantara.co.id,Surabaya,Jawa Timur,Sales Executive,2016-07-07,2016-07-07,Sales,Active,,Product Knowledge Medika,2024:3.1:Sangat kooperatif,8.5,False,SAP_SF
EMP-2118,candidate_1552,MN-510,Dedi Nugroho,Dedi Nugroho,1987-08-31,dedi.nugroho@medikanusantara.co.id,dedi.nugroho@medikanusantara.co.id,Bandung,Jawa Barat,Sopir,2016-10-09,2016-10-09,HR,On Leave,,,2024:3.4:||2023:4.5:Konsisten dalam pekerjaan,8.2,False,SAP_SF
EMP-2119,candidate_4816,MN-254,Laras Setiawan,Laras Setiawan,1976-01-27,laras.setiawan@medikanusantara.co.id,laras.setiawan@medikanusantara.co.id,Manado,Sulawesi Utara,CS Staff,2016-01-27,2016-01-27,Logistics,Active,,Pengoperasian CRM,,8.9,False,SAP_SF
EMP-2120,candidate_3132,MN-828,Sigit Iskandar,Sigit Iskandar,1991-09-16,sigit.iskandar@medikanusantara.co.id,sigit.iskandar@medikanusantara.co.id,Denpasar,Bali,Driver,2019-02-20,2019-03-11,HR,Active,Defensive Driving|Route Navigation|Vehicle Maintenance,Defensive Driving,2024:4.9:,5.9,False,SAP_SF
EMP-2121,candidate_4627,MN-176,Zulkifli Yusuf,Zulkifli Yusuf,1981-12-21,zulkifli.yusuf@medikanusantara.co.id,zulkifli58@gmail.com,Balikpapan,Kalimantan Timur,Logistics Officer,2018-04-10,2018-02-27,Logistics,Active,Logistics Operations|Delivery Management,Pengoperasian TMS,2024:3.2:,6.7,False,SAP_SF
EMP-2122,candidate_4866,MN-464,Rina Lestari,Rina Lestari,1988-05-28,rina.lestari@medikanusantara.co.id,rina.lestari@medikanusantara.co.id,Balikpapan,Kalimantan Timur,Sales Specialist,2020-06-11,2020-06-11,Sales,Active,CRM Software,Pengenalan CRM Salesforce|Teknik Penjualan Efektif|Product Knowledge Medika,,4.6,False,SAP_SF
EMP-2123,candidate_6898,MN-802,Arif Saputra,Arif Saputra,1978-10-08,arif.saputra@medikanusantara.co.id,arif.saputra@medikanusantara.co.id,Bandung,Jawa Barat,Sopir,2023-01-25,2023-01-25,Sales,Active,,Defensive Driving,,1.9,False,SAP_SF
EMP-2124,candidate_1629,MN-272,Deny Hidayat,Deny Hidayat,1992-09-19,deny.hidayat@medikanusantara.co.id,deny.hidayat@medikanusantara.co.id,Surabaya,Jawa Timur,Driver,2022-06-08,2022-06-08,Logistics,Active,,K3 Pengemudi|Defensive Driving,2024:3.6:,2.6,False,SAP_SF
EMP-2125,candidate_5383,MN-492,Galih Hutapea,Galih Hutapea,1998-08-02,galih.hutapea@medikanusantara.co.id,galih.hutapea@medikanusantara.co.id,Denpasar,Bali,Sales Exec,2017-07-16,2017-07-16,Finance,Active,Customer Relationship Management|CRM Software|Negotiation,Product Knowledge Medika|Pengenalan CRM Salesforce|Negosiasi untuk Sales,2024:2.9:Konsisten dalam pekerjaan,7.5,True,Workable_only
EMP-2126,candidate_4613,MN-263,Taufik Siregar,Taufik Siregar,1998-12-09,taufik.siregar@medikanusantara.co.id,taufik.siregar@medikanusantara.co.id,Balikpapan,Kalimantan Timur,CS Officer,2017-02-14,2017-03-06,Logistics,Active,Issue Resolution,Pengoperasian CRM|Komunikasi Pelanggan Efektif,,7.9,False,SAP_SF
EMP-2127,candidate_3128,MN-676,Asri Wijaya,Asri Wijay,1997-01-29,asri.wijaya@medikanusantara.co.id,asri.wijaya@medikanusantara.co.id,Balikpapan,Kalimantan Timur,Pengemudi,2018-02-10,2018-02-10,Sales,Active,,,,6.9,False,SAP_SF
EMP-2128,candidate_3707,MN-921,Wahid Setiawan,Wahid Setiawan,1979-12-23,wahid.setiawan@medikanusantara.co.id,wahid.setiawan@medikanusantara.co.id,Medan,Sumatera Utara,Logistics Coordinator,2019-08-18,2019-08-04,HR,Active,Delivery Management,Pengoperasian TMS|Logistik dan Distribusi Dasar|Dokumentasi Pengiriman,2024:2.8:,5.4,False,SAP_SF
EMP-2129,candidate_3672,MN-487,Agung Tambunan,Agung Tambunan,1988-03-18,agung.tambunan@medikanusantara.co.id,agung94@gmail.com,Balikpapan,Kalimantan Timur,Kepala Gudang,2019-06-10,2019-06-10,IT,Active,,Leadership Dasar|Sistem ERP SAP WM|Manajemen Gudang Modern,,5.6,False,SAP_SF
EMP-2130,candidate_2074,MN-343,Gilang Permana,Gilang Permana,1982-07-13,gilang.permana@medikanusantara.co.id,gilang.permana@medikanusantara.co.id,Denpasar,Bali,Sales Exec,2019-11-21,2019-11-21,Operations,Active,Negotiation|CRM Software|Customer Relationship Management,Teknik Penjualan Efektif,2024:4.5:Memenuhi target penjualan,5.1,False,SAP_SF
EMP-2131,candidate_2461,MN-948,Susi Zainal,Susi Zainao,1985-02-12,susi.zainal@medikanusantara.co.id,susi.zainal@medikanusantara.co.id,Balikpapan,Kalimantan Timur,Staf Keuangan,2021-05-17,2021-05-17,Finance,Active,,Pelaporan Keuangan|Perpajakan Perusahaan,2024:2.8:Target tercapai,3.6,False,SAP_SF
EMP-2132,candidate_3503,MN-721,Wahid Salim,Wahid Salim,1984-03-21,wahid.salim@medikanusantara.co.id,wahid.salim@medikanusantara.co.id,Surabaya,Jawa Timur,Logistics Staff,2020-11-13,2020-11-24,Finance,Active,,Dokumentasi Pengiriman|Pengoperasian TMS|Logistik dan Distribusi Dasar,2024:2.7:Excellent performance,4.1,False,SAP_SF
EMP-2133,candidate_2389,MN-126,Lena Andriani,Lena Andriani,1996-03-29,lena.andriani@medikanusantara.co.id,lena.andriani@medikanusantara.co.id,Pontianak,Kalimantan Barat,Staf HR,2018-04-27,2018-04-04,Finance,Active,,Pengoperasian SAP SuccessFactors|Rekrutmen Berbasis Kompetensi,2024:3.5:Target tercapai||2023:3.4:Perlu pengembangan leadership,6.7,False,SAP_SF
EMP-2134,candidate_9671,MN-523,Dian Permana,Dian Permana,1998-06-10,dian.permana@medikanusantara.co.id,dian.permana@medikanusantara.co.id,Makassar,Sulawesi Selatan,Teknisi IT,2022-08-12,2022-08-20,Operations,Active,User Training|Network Administration,Manajemen Tiket IT,2024:4.3:Excellent performance||2023:4.5:Perlu perbaikan kedisiplinan||2022:2.9:Perlu coaching lebih lanjut,2.4,False,SAP_SF
EMP-2135,candidate_7933,MN-306,Fajar Kusuma,Fajar Kusuma,1989-05-05,fajar.kusuma@medikanusantara.co.id,fajar.kusuma@medikanusantara.co.id,Palembang,Sumatera Selatan,Staf Penjualan,2023-01-13,2023-02-25,IT,Active,Customer Relationship Management,Negosiasi untuk Sales|Pengenalan CRM Salesforce,2024:4.8:||2023:4.3:Target tercapai,2.0,False,SAP_SF
EMP-2136,candidate_2454,MN-904,Zahra Permana,Zahra Permana,1990-06-04,zahra.permana@medikanusantara.co.id,zahra.permana@medikanusantara.co.id,Makassar,Sulawesi Selatan,Staf Keuangan,2019-03-17,2019-03-17,Finance,Active,,Audit Internal Dasar|Pelaporan Keuangan|Pengoperasian SAP Finance,2024:2.9:Membutuhkan mentoring,5.8,False,SAP_SF
EMP-2137,candidate_1131,MN-445,Dedi Salim,Dedi Salim,1997-01-19,dedi.salim@medikanusantara.co.id,dedi.salim@medikanusantara.co.id,Semarang,Jawa Tengah,Driver,2019-05-26,2019-05-26,Finance,Active,Route Navigation,Perawatan Kendaraan Dasar|K3 Pengemudi|Navigasi dan Rute,2024:4.0:||2023:3.6:Target tercapai,5.6,False,SAP_SF
EMP-2138,candidate_9103,MN-513,Rosi Prasetyo,Rosi Prasetyo,1998-07-08,rosi.prasetyo@medikanusantara.co.id,rosi.prasetyo@medikanusantara.co.id,Makassar,Sulawesi Selatan,Kepala Gudang,2017-07-09,2017-07-09,Sales,Active,,,2024:4.6:||2023:3.6:Membutuhkan mentoring||2022:3.0:Perlu coaching lebih lanjut,7.5,False,SAP_SF
EMP-2139,candidate_3709,MN-991,Sigit Wahyudi,Sigit Wahyudi,1990-09-09,sigit.wahyudi@medikanusantara.co.id,sigit.wahyudi@medikanusantara.co.id,Denpasar,Bali,Finance Officer,2021-04-27,2021-04-27,Operations,Active,Financial Reporting|Accounts Receivable,,,3.7,False,SAP_SF
EMP-2140,candidate_7509,MN-625,Akbar Suharto,Akbar Suharto,1975-05-26,akbar.suharto@medikanusantara.co.id,akbar.suharto@medikanusantara.co.id,Bandung,Jawa Barat,Supervisor Gudang,2016-03-23,2016-03-23,Finance,Active,,,2024:3.1:Perlu pengembangan leadership||2023:4.3:Perlu pengembangan leadership||2022:3.6:Sangat kooperatif,8.8,False,SAP_SF
EMP-2141,candidate_9180,MN-778,Elvi Maulana,Elvi Maulana,1987-09-06,elvi.maulana@medikanusantara.co.id,elvi.maulana@medikanusantara.co.id,Pontianak,Kalimantan Barat,Eksekutif Penjualan,2020-03-12,2020-03-12,IT,Active,,,2024:4.1:Perlu pengembangan leadership||2023:4.1:Sangat baik||2022:3.2:,4.8,False,SAP_SF
EMP-2142,candidate_5643,MN-365,Fauzi Saputra,Fauzi Saputra,1976-08-01,fauzi.saputra@medikanusantara.co.id,fauzi.saputra@medikanusantara.co.id,Surabaya,Jawa Timur,IT Support,2020-09-10,2020-09-10,Operations,Active,Software Support,Manajemen Tiket IT,2024:4.2:Perlu peningkatan komunikasi||2023:4.6:Perlu peningkatan komunikasi||2022:3.2:Membutuhkan mentoring,4.3,False,SAP_SF
EMP-2143,candidate_5831,MN-530,Deny Susanto,Deny Susanto,1988-03-10,deny.susanto@medikanusantara.co.id,deny.susanto@medikanusantara.co.id,Bandung,Jawa Barat,Staff Logistik,2019-09-19,2019-09-19,Sales,Active,,,2024:4.0:Perlu coaching lebih lanjut||2023:4.7:Sangat baik,5.3,False,SAP_SF
EMP-2144,candidate_8296,MN-246,Dian Saputra,Dian Saputra,1983-02-02,dian.saputra@medikanusantara.co.id,dian.saputra@medikanusantara.co.id,Bandung,Jawa Barat,Staff Logistik,2019-07-19,2019-07-19,HR,Active,Route Planning|Delivery Management|Inventory Management,,2024:3.0:Perlu perbaikan kedisiplinan||2023:4.4:Melebihi target Q3,5.5,False,SAP_SF
EMP-2145,candidate_4067,MN-848,Endah Zainal,Endah Zainai,1989-06-15,endah.zainal@medikanusantara.co.id,endah.zainal@medikanusantara.co.id,Surabaya,Jawa Timur,Sales Executive,2020-03-08,2020-03-08,HR,Active,Customer Relationship Management,Pengenalan CRM Salesforce,2024:3.4:||2023:3.5:Perlu peningkatan komunikasi,4.8,True,Workable_only
EMP-2146,candidate_2992,MN-450,Fery Siregar,Fery Siregar,1983-06-15,fery.siregar@medikanusantara.co.id,fery.siregar@medikanusantara.co.id,Balikpapan,Kalimantan Timur,Logistics Officer,2021-06-30,2021-06-30,IT,Active,Logistics Operations|Route Planning,,2024:3.0:||2023:3.8:||2022:4.3:Target tercapai,3.5,False,SAP_SF
EMP-2147,candidate_1123,MN-149,Fery Rahayu,Fery Rahayo,1980-07-17,fery.rahayu@medikanusantara.co.id,fery.rahayu@medikanusantara.co.id,Makassar,Sulawesi Selatan,Teknisi IT,2023-09-26,2023-10-29,Finance,Active,Network Administration,Jaringan Komputer Dasar|Troubleshooting Hardware|Keamanan Siber Dasar,2024:4.2:||2023:4.0:,1.3,False,SAP_SF
EMP-2148,candidate_5108,MN-951,Maya Nasution,Maya Nasutio,1991-01-21,maya.nasution@medikanusantara.co.id,maya.nasution@medikanusantara.co.id,Bandung,Jawa Barat,Staff Keuangan,2021-11-12,2021-11-12,Operations,Active,,,2024:3.0:Sangat kooperatif||2023:3.1:,3.1,False,SAP_SF
EMP-2149,candidate_2459,MN-362,Laras Lubis,Laras Lubis,1995-10-29,laras.lubis@medikanusantara.co.id,laras23@gmail.com,Makassar,Sulawesi Selatan,CS,2023-03-24,2023-04-16,Finance,Active,CRM Software|Product Knowledge,Komunikasi Pelanggan Efektif,2024:4.7:||2023:2.8:Sangat kooperatif||2022:3.4:Perlu perbaikan kedisiplinan,1.8,False,SAP_SF
EMP-2150,candidate_8279,MN-378,Sri Hidayat,Sri Hidayat,1996-06-14,sri.hidayat@medikanusantara.co.id,sri.hidayat@medikanusantara.co.id,Palembang,Sumatera Selatan,Staf Logistik,2020-04-28,2020-04-28,HR,Active,Logistics Operations,,2024:5.0:Melebihi target Q3||2023:3.5:Perlu perbaikan kedisiplinan,4.7,False,SAP_SF
EMP-2151,candidate_8797,MN-215,Wahid Wijaya,Wahid Wijaya,1977-11-03,wahid.wijaya@medikanusantara.co.id,wahid.wijaya@medikanusantara.co.id,Medan,Sumatera Utara,HR Officer,2020-08-11,2020-08-11,HR,Active,,Dasar Hukum Ketenagakerjaan|Pengoperasian SAP SuccessFactors|Manajemen Kinerja,2024:4.2:Target tercapai||2023:4.2:,4.4,False,SAP_SF
EMP-2152,candidate_8488,MN-972,Dedi Santoso,Dedi Santoso,1978-05-11,dedi.santoso@medikanusantara.co.id,dedi.santoso@medikanusantara.co.id,Medan,Sumatera Utara,HR Officer,2021-07-23,2021-07-23,IT,Active,,Rekrutmen Berbasis Kompetensi|Pengoperasian SAP SuccessFactors,2024:4.1:Konsisten dalam pekerjaan,3.4,True,Workable_only
EMP-2153,candidate_8948,MN-863,Susi Ridwan,Susi Ridwan,1976-08-10,susi.ridwan@medikanusantara.co.id,susi.ridwan@medikanusantara.co.id,Balikpapan,Kalimantan Timur,Sales Specialist,2023-04-30,2023-05-30,Sales,Active,,,2024:4.0:Excellent performance||2023:3.9:Perlu coaching lebih lanjut,1.7,False,SAP_SF
EMP-2154,candidate_8551,MN-833,Reza Halim,Reza Halim,1995-04-20,reza.halim@medikanusantara.co.id,reza98@gmail.com,Manado,Sulawesi Utara,CS Staff,2023-05-15,2023-05-15,Operations,Active,CRM Software,Pengoperasian CRM|Etika Profesional|Penanganan Komplain,2024:2.6:||2023:2.9:Membutuhkan mentoring,1.6,False,SAP_SF
EMP-2155,candidate_3922,MN-833,Yoga Lestari,Yoga Lestari,1980-07-11,yoga.lestari@medikanusantara.co.id,yoga.lestari@medikanusantara.co.id,Denpasar,Bali,Driver,2019-10-16,2019-09-15,Operations,Active,Safety Compliance|Route Navigation|Delivery Documentation,,2024:3.9:Perlu perbaikan kedisiplinan||2023:3.7:Perlu peningkatan komunikasi,5.2,False,SAP_SF
EMP-2156,candidate_7659,MN-723,Nita Yusuf,Nita Yusuf,1987-04-10,nita.yusuf@medikanusantara.co.id,nita.yusuf@medikanusantara.co.id,Manado,Sulawesi Utara,Sopir,2023-10-07,2023-10-07,Finance,Active,,K3 Pengemudi,2024:4.3:Perlu pengembangan leadership,1.2,False,SAP_SF
EMP-2157,candidate_5560,MN-803,Rian Lestari,Rian Lestara,1980-12-13,rian.lestari@medikanusantara.co.id,rian.lestari@medikanusantara.co.id,Bandung,Jawa Barat,Kepala Tim Sales,2019-11-15,2019-11-15,Sales,Active,Budget Planning,Sales Forecasting|Strategic Account Management|Leadership for Sales Managers,2024:3.9:Sangat baik||2023:4.3:Excellent performance||2022:3.2:Memenuhi target penjualan,5.1,False,SAP_SF
EMP-2158,candidate_4905,MN-249,Wati Mulyadi,Wati Mulyad,1988-03-28,wati.mulyadi@medikanusantara.co.id,wati.mulyadi@medikanusantara.co.id,Medan,Sumatera Utara,Driver,2016-09-11,2016-09-11,HR,Active,Delivery Documentation|Defensive Driving,K3 Pengemudi|Navigasi dan Rute|Perawatan Kendaraan Dasar,2024:4.5:Perlu pengembangan leadership,8.3,False,SAP_SF
EMP-2159,candidate_4917,MN-307,Fitria Yusuf,Fitria Yusuf,1994-11-16,fitria.yusuf@medikanusantara.co.id,fitria.yusuf@medikanusantara.co.id,Manado,Sulawesi Utara,Sales Representative,2022-12-16,2022-12-16,Sales,Active,Negotiation|Product Knowledge|Territory Management,Product Knowledge Medika|Teknik Penjualan Efektif,2024:2.7:Membutuhkan mentoring||2023:3.8:Target tercapai||2022:3.2:,2.0,False,SAP_SF
EMP-2160,candidate_6085,MN-711,Hendri Wibowo,Hendri Wibowo,1988-07-05,hendri.wibowo@medikanusantara.co.id,hendri.wibowo@medikanusantara.co.id,Surabaya,Jawa Timur,Sales Executive,2016-07-27,2016-07-27,IT,Active,Customer Relationship Management|Negotiation,Teknik Penjualan Efektif,2024:2.9:Target tercapai||2023:2.7:||2022:3.0:Sangat kooperatif,8.4,False,SAP_SF
EMP-2161,candidate_8101,MN-346,Mega Santoso,Mega Santoso,1985-12-08,mega.santoso@medikanusantara.co.id,mega.santoso@medikanusantara.co.id,Makassar,Sulawesi Selatan,Teknisi IT,2023-03-15,2023-03-15,Operations,Inactive,IT Documentation|Hardware Troubleshooting,Keamanan Siber Dasar|Jaringan Komputer Dasar|Troubleshooting Hardware,2024:3.8:Perlu pengembangan leadership||2023:4.7:,1.8,False,SAP_SF
EMP-2162,candidate_1872,MN-315,Guntur Panjaitan,Guntur Panjaitan,1984-07-24,guntur.panjaitan@medikanusantara.co.id,guntur.panjaitan@medikanusantara.co.id,Manado,Sulawesi Utara,Sales Representative,2023-07-08,2023-07-08,Sales,Active,Product Knowledge,Product Knowledge Medika|Negosiasi untuk Sales|Teknik Penjualan Efektif,2024:2.9:Sangat kooperatif||2023:2.6:,1.5,False,SAP_SF
EMP-2163,candidate_7426,MN-543,Mira Kurniawan,Mira Kurniawan,1977-11-02,mira.kurniawan@medikanusantara.co.id,mira.kurniawan@medikanusantara.co.id,Palembang,Sumatera Selatan,Staf Logistik,2019-07-19,2019-07-07,Logistics,Active,Logistics Operations|Delivery Management|Inventory Management,,2024:3.3:||2023:4.4:Target tercapai||2022:4.6:,5.5,False,SAP_SF
EMP-2164,candidate_6913,MN-111,Titin Andriani,Titin Andriani,1981-05-05,titin.andriani@medikanusantara.co.id,titin1@gmail.com,Medan,Sumatera Utara,Warehouse Supervisor,2022-03-17,2022-03-17,IT,Active,ERP System Operation|Inventory Management,Sistem ERP SAP WM|Manajemen Gudang Modern|K3 Gudang,2024:4.6:||2023:3.0:Perlu pengembangan leadership||2022:3.0:,2.8,False,SAP_SF
EMP-2165,candidate_4907,MN-200,Rian Hartono,Rian Hartono,1996-11-08,rian.hartono@medikanusantara.co.id,rian.hartono@medikanusantara.co.id,Semarang,Jawa Tengah,Support IT,2018-03-19,2018-03-19,Logistics,Active,,Jaringan Komputer Dasar,2024:2.7:,6.8,False,SAP_SF
EMP-2166,candidate_5982,MN-538,Dimas Wibowo,Dimas Wibowo,1994-07-25,dimas.wibowo@medikanusantara.co.id,dimas.wibowo@medikanusantara.co.id,Pontianak,Kalimantan Barat,Staff Finance,2017-11-21,2017-11-01,Finance,Active,,Audit Internal Dasar|Perpajakan Perusahaan,2024:4.4:Melebihi target Q3,7.1,False,SAP_SF
EMP-2167,candidate_2052,MN-844,Nisa Panjaitan,Nisa Panjaitan,1997-10-01,nisa.panjaitan@medikanusantara.co.id,nisa.panjaitan@medikanusantara.co.id,Bandung,Jawa Barat,Supervisor Gudang,2016-11-04,2016-11-04,IT,Active,Safety Compliance|Team Leadership|Inventory Management,Leadership Dasar|Sistem ERP SAP WM|Manajemen Gudang Modern,2024:3.1:Membutuhkan mentoring,8.2,False,SAP_SF
EMP-2168,candidate_4713,MN-968,Yoga Wahyudi,Yoga Wahyudi,1998-01-23,yoga.wahyudi@medikanusantara.co.id,yoga21@gmail.com,Manado,Sulawesi Utara,Sales Representative,2022-11-20,2022-11-20,Sales,Active,,Pengenalan CRM Salesforce|Negosiasi untuk Sales|Product Knowledge Medika,2024:2.6:Konsisten dalam pekerjaan||2023:2.7:Memenuhi target penjualan||2022:4.2:Sangat kooperatif,2.1,False,SAP_SF
EMP-2169,candidate_9342,MN-748,Mila Yusuf,Mila Yusuf,1986-10-24,mila.yusuf@medikanusantara.co.id,mila.yusuf@medikanusantara.co.id,Makassar,Sulawesi Selatan,Kepala Cabang,2019-01-25,2019-01-25,HR,Active,Performance Management|Strategic Planning,Manajemen Cabang|Leadership dan Motivasi|P&L Management,2024:4.8:Sangat kooperatif,5.9,False,SAP_SF
EMP-2170,candidate_4568,MN-178,Budi Lubis,Budi Lubis,1984-06-27,budi.lubis@medikanusantara.co.id,budi.lubis@medikanusantara.co.id,Medan,Sumatera Utara,Logistics Coordinator,2021-10-08,2021-10-08,IT,Active,,Dokumentasi Pengiriman,2024:4.5:Perlu coaching lebih lanjut,3.2,False,SAP_SF
EMP-2171,candidate_3439,MN-237,Galih Wijaya,Galih Wijaya,1981-08-03,galih.wijaya@medikanusantara.co.id,galih34@gmail.com,Bandung,Jawa Barat,Sales Executive,2023-01-22,2023-01-22,Operations,Active,CRM Software|Customer Relationship Management|Negotiation,Teknik Penjualan Efektif|Product Knowledge Medika,2024:5.0:Perlu peningkatan komunikasi,1.9,False,SAP_SF
EMP-2172,candidate_5133,MN-271,Guntur Nugroho,Guntur Nugroho,1995-05-05,guntur.nugroho@medikanusantara.co.id,guntur.nugroho@medikanusantara.co.id,Pontianak,Kalimantan Barat,IT Support,2023-09-09,2023-09-09,Logistics,Active,,Jaringan Komputer Dasar,,1.3,False,SAP_SF
EMP-2173,candidate_1439,MN-998,Wahyu Nugroho,Wahyu Nugroho,1980-04-09,wahyu.nugroho@medikanusantara.co.id,wahyu85@gmail.com,Denpasar,Bali,Driver,2021-12-16,2021-12-16,HR,Active,,Perawatan Kendaraan Dasar,2024:3.4:||2023:3.8:,3.0,False,SAP_SF
EMP-2174,candidate_4970,MN-588,Zulkifli Ginting,Zulkifli Ginting,1978-10-05,zulkifli.ginting@medikanusantara.co.id,zulkifli.ginting@medikanusantara.co.id,Makassar,Sulawesi Selatan,Staf Logistik,2018-08-10,2018-08-10,Sales,Active,Delivery Management|Route Planning,,2024:2.5:Excellent performance||2023:2.5:Membutuhkan mentoring,6.4,False,SAP_SF
EMP-2175,candidate_9583,MN-533,Mila Manurung,Mila Manurung,1987-05-12,mila.manurung@medikanusantara.co.id,mila.manurung@medikanusantara.co.id,Semarang,Jawa Tengah,Warehouse Lead,2022-05-01,2022-05-01,HR,Active,,,2024:3.9:||2023:3.9:Perlu pengembangan leadership,2.7,False,SAP_SF
EMP-2176,candidate_3450,MN-202,Yusuf Hidayat,Yusuf Hidayat,1990-03-07,yusuf.hidayat@medikanusantara.co.id,yusuf.hidayat@medikanusantara.co.id,Bandung,Jawa Barat,Staff Logistik,2018-05-28,2018-05-28,IT,Active,Logistics Operations|Route Planning|Inventory Management,Logistik dan Distribusi Dasar,2024:3.7:Melebihi target Q3||2023:2.7:||2022:2.7:,6.6,False,SAP_SF
EMP-2177,candidate_3671,MN-755,Rizal Siahaan,Rizal Siahaan,1984-01-18,rizal.siahaan@medikanusantara.co.id,rizal.siahaan@medikanusantara.co.id,Surabaya,Jawa Timur,Driver,2021-07-17,2021-07-17,HR,Active,Vehicle Maintenance|Route Navigation|Defensive Driving,K3 Pengemudi|Navigasi dan Rute|Defensive Driving,2024:3.4:Perlu peningkatan komunikasi||2023:2.7:,3.5,False,SAP_SF
EMP-2178,candidate_9804,MN-391,Anton Santoso,Anton Santoso,1990-08-13,anton.santoso@medikanusantara.co.id,anton.santoso@medikanusantara.co.id,Makassar,Sulawesi Selatan,Pengemudi,2022-04-09,2022-04-09,IT,Active,Safety Compliance,Perawatan Kendaraan Dasar|Navigasi dan Rute,,2.7,False,SAP_SF
EMP-2179,candidate_5022,MN-997,Indah Halim,Indah Halim,1986-03-22,indah.halim@medikanusantara.co.id,indah.halim@medikanusantara.co.id,Makassar,Sulawesi Selatan,Pengemudi,2022-01-12,2022-01-12,IT,Active,Delivery Documentation|Route Navigation|Safety Compliance,Perawatan Kendaraan Dasar|Navigasi dan Rute,2024:3.7:||2023:3.5:Konsisten dalam pekerjaan||2022:4.2:,3.0,False,SAP_SF
EMP-2180,candidate_7336,MN-789,Dwi Kurniawan,Dwi Kurniawan,1989-01-29,dwi.kurniawan@medikanusantara.co.id,dwi.kurniawan@medikanusantara.co.id,Bandung,Jawa Barat,Supervisor Gudang,2019-11-01,2019-11-17,Sales,Active,Team Leadership|ERP System Operation,K3 Gudang,2024:4.7:||2023:3.0:,5.2,False,SAP_SF
EMP-2181,candidate_9671,MN-143,Rudi Nasution,Rudi Nasution,1989-02-23,rudi.nasution@medikanusantara.co.id,rudi.nasution@medikanusantara.co.id,Pontianak,Kalimantan Barat,Eksekutif Penjualan,2021-05-29,2021-05-29,IT,Active,Negotiation|CRM Software|Customer Relationship Management,Negosiasi untuk Sales|Pengenalan CRM Salesforce|Teknik Penjualan Efektif,2024:2.8:Target tercapai||2023:3.7:Excellent performance||2022:3.4:Perlu peningkatan komunikasi,3.6,False,SAP_SF
EMP-2182,candidate_7016,MN-694,Agung Santoso,Agung Santoso,1986-08-25,agung.santoso@medikanusantara.co.id,agung.santoso@medikanusantara.co.id,Surabaya,Jawa Timur,IT Support,2017-02-16,2017-02-16,IT,Active,,Keamanan Siber Dasar|Troubleshooting Hardware|Jaringan Komputer Dasar,2024:3.0:Sangat kooperatif||2023:3.4:Perlu coaching lebih lanjut,7.9,False,SAP_SF
EMP-2183,candidate_7040,MN-300,Wahyu Mulyadi,Wahyu Mulyadi,1981-09-16,wahyu.mulyadi@medikanusantara.co.id,wahyu.mulyadi@medikanusantara.co.id,Bandung,Jawa Barat,Staff Keuangan,2017-08-20,2017-08-20,Sales,Active,,Pengoperasian SAP Finance,2024:3.3:Perlu perbaikan kedisiplinan||2023:2.6:||2022:2.9:,7.4,False,SAP_SF
EMP-2184,candidate_9933,MN-929,Deny Kurniawan,Deny Kurniawai,1993-06-21,deny.kurniawan@medikanusantara.co.id,deny87@gmail.com,Balikpapan,Kalimantan Timur,Logistics Officer,2018-11-21,2018-11-21,HR,Active,Documentation,Dokumentasi Pengiriman|Logistik dan Distribusi Dasar|Pengoperasian TMS,2024:4.2:Membutuhkan mentoring,6.1,False,SAP_SF
EMP-2185,candidate_7431,MN-969,Andi Prasetyo,Andi Prasetyo,1989-01-23,andi.prasetyo@medikanusantara.co.id,andi.prasetyo@medikanusantara.co.id,Balikpapan,Kalimantan Timur,Logistics Officer,2016-10-19,2016-09-23,Logistics,Active,,Pengoperasian TMS|Dokumentasi Pengiriman|Logistik dan Distribusi Dasar,2024:4.8:Excellent performance||2023:4.9:Perlu peningkatan komunikasi||2022:4.6:,8.2,False,SAP_SF
EMP-2186,candidate_2365,MN-165,Rudi Lestari,Rudi Lestari,1976-03-07,rudi.lestari@medikanusantara.co.id,rudi.lestari@medikanusantara.co.id,Medan,Sumatera Utara,Logistics Coordinator,2021-04-22,2021-04-22,Sales,Active,Logistics Operations,Logistik dan Distribusi Dasar,2024:4.7:Konsisten dalam pekerjaan||2023:4.3:Perlu peningkatan komunikasi,3.7,False,SAP_SF
EMP-2187,candidate_9656,MN-378,Evi Yusuf,Evi Yusuf,1999-03-11,evi.yusuf@medikanusantara.co.id,evi.yusuf@medikanusantara.co.id,Denpasar,Bali,HR Generalist,2022-02-24,2022-02-24,Operations,Active,Training & Development|Payroll Administration|HRIS Operation,Pengoperasian SAP SuccessFactors|Dasar Hukum Ketenagakerjaan|Manajemen Kinerja,2024:4.5:Sangat kooperatif||2023:3.5:,2.9,True,Workable_only
EMP-2188,candidate_7852,MN-917,Siti Nasution,Siti Nasution,1975-04-29,siti.nasution@medikanusantara.co.id,siti.nasution@medikanusantara.co.id,Denpasar,Bali,Spv. Warehouse,2019-04-14,2019-04-14,HR,Active,,Leadership Dasar|Manajemen Gudang Modern,,5.7,False,SAP_SF
EMP-2189,candidate_5254,MN-391,Rudi Hakim,Rudi Hakio,1987-01-22,rudi.hakim@medikanusantara.co.id,rudi.hakim@medikanusantara.co.id,Bandung,Jawa Barat,HR Generalist,2023-04-10,2023-04-10,Operations,Inactive,Employee Relations,Manajemen Kinerja|Pengoperasian SAP SuccessFactors|Dasar Hukum Ketenagakerjaan,2024:4.1:,1.7,True,Workable_only
EMP-2190,candidate_934,MN-338,Rizal Mulyadi,Rizal Mulyadi,1990-05-03,rizal.mulyadi@medikanusantara.co.id,rizal.mulyadi@medikanusantara.co.id,Medan,Sumatera Utara,Branch Manager,2017-01-04,2016-11-29,Finance,Active,P&L Management|Strategic Planning,Leadership dan Motivasi,,8.0,False,SAP_SF
EMP-2191,candidate_4897,MN-936,Fitri Panjaitan,Fitri Panjaitan,1980-06-21,fitri.panjaitan@medikanusantara.co.id,fitri.panjaitan@medikanusantara.co.id,Denpasar,Bali,Manager Sales,2020-04-11,2020-04-11,Logistics,Active,Performance Management|Customer Relationship Management,Coaching & Mentoring,2024:4.4:Konsisten dalam pekerjaan||2023:3.7:Perlu pengembangan leadership,4.7,False,SAP_SF
EMP-2192,candidate_5695,MN-303,Rian Siregar,Rian Siregar,1984-10-08,rian.siregar@medikanusantara.co.id,rian.siregar@medikanusantara.co.id,Makassar,Sulawesi Selatan,Kepala Gudang,2020-01-16,2020-01-16,Operations,Active,,K3 Gudang,2024:4.0:Konsisten dalam pekerjaan||2023:2.5:||2022:4.5:Perlu perbaikan kedisiplinan,5.0,False,SAP_SF
EMP-2193,candidate_1783,MN-161,Lena Tambunan,Lena Tambunan,1999-01-22,lena.tambunan@medikanusantara.co.id,lena.tambunan@medikanusantara.co.id,Balikpapan,Kalimantan Timur,Pengemudi,2019-12-27,2019-12-27,HR,Active,,,2024:4.5:Perlu coaching lebih lanjut||2023:4.3:||2022:3.4:Perlu pengembangan leadership,5.0,False,SAP_SF
EMP-2194,candidate_9706,MN-456,Titin Nasution,Titin Nasution,1987-05-08,titin.nasution@medikanusantara.co.id,titin.nasution@medikanusantara.co.id,Bandung,Jawa Barat,Staff Keuangan,2019-08-18,2019-08-18,Logistics,Active,Accounts Payable|Financial Reporting|Accounts Receivable,,2024:3.2:Memenuhi target penjualan,5.4,False,SAP_SF
EMP-2195,candidate_1837,MN-774,Iwan Tambunan,Iwan Tambunan,1983-07-08,iwan.tambunan@medikanusantara.co.id,iwan.tambunan@medikanusantara.co.id,Bandung,Jawa Barat,Staff Logistik,2022-01-16,2022-01-16,Sales,Active,Route Planning|Delivery Management|Documentation,Logistik dan Distribusi Dasar|Dokumentasi Pengiriman,2024:2.7:Perlu peningkatan komunikasi||2023:2.9:,3.0,False,SAP_SF
EMP-2196,candidate_4993,MN-150,Puji Nasution,Puji Nasution,1984-05-12,puji.nasution@medikanusantara.co.id,puji.nasution@medikanusantara.co.id,Manado,Sulawesi Utara,Teknisi Komputer,2020-02-09,2020-01-31,Logistics,Active,IT Documentation,Keamanan Siber Dasar,2024:4.8:Sangat kooperatif||2023:4.5:,4.9,False,SAP_SF
EMP-2197,candidate_2391,MN-203,Bambang Hartono,Bambang Hartono,1983-07-02,bambang.hartono@medikanusantara.co.id,bambang.hartono@medikanusantara.co.id,Bandung,Jawa Barat,Sopir,2018-08-04,2018-08-04,IT,Active,Route Navigation|Delivery Documentation|Vehicle Maintenance,,2024:3.4:Sangat baik||2023:3.6:,6.4,False,SAP_SF
EMP-2198,candidate_6572,MN-422,Bayu Panjaitan,Bayu Panjaitan,1989-07-25,bayu.panjaitan@medikanusantara.co.id,bayu.panjaitan@medikanusantara.co.id,Pontianak,Kalimantan Barat,Staff Pengiriman,2022-03-03,2022-03-03,HR,Active,,Pengoperasian TMS|Logistik dan Distribusi Dasar|Dokumentasi Pengiriman,2024:3.9:Sangat kooperatif,2.8,False,SAP_SF
EMP-2199,candidate_3013,MN-409,Hendra Andriani,Hendra Andriani,1984-12-14,hendra.andriani@medikanusantara.co.id,hendra.andriani@medikanusantara.co.id,Pontianak,Kalimantan Barat,Eksekutif Penjualan,2016-01-27,2016-01-27,Finance,Active,,Negosiasi untuk Sales|Product Knowledge Medika|Teknik Penjualan Efektif,,8.9,False,SAP_SF
EMP-2200,candidate_5720,MN-194,Dimas Purnama,Dimas Purnama,1984-10-02,dimas.purnama@medikanusantara.co.id,dimas.purnama@medikanusantara.co.id,Bandung,Jawa Barat,Supervisor Gudang,2022-05-25,2022-05-25,Sales,Active,Team Leadership|Safety Compliance,Manajemen Gudang Modern|Sistem ERP SAP WM|K3 Gudang,,2.6,False,SAP_SF
